{"0": {}, "1": {"50": 1.3862943611198906, "30": 2.0794415416798357, "14": 1.3862943611198906, "33": 1.0986122886681098, "25": 1.791759469228055, "35": 2.1972245773362196, "21": 1.791759469228055, "57": 1.791759469228055, "38": 1.0986122886681098, "16": 1.791759469228055, "43": 1.791759469228055, "3": 0.8109302162163288, "0": 1.791759469228055, "56": 1.791759469228055, "12": 1.791759469228055, "39": 1.791759469228055, "7": 1.791759469228055, "24": 1.791759469228055, "37": 1.791759469228055, "40": 1.791759469228055, "20": 1.791759469228055, "8": 1.0986122886681098, "26": 1.791759469228055, "49": 1.791759469228055, "9": 1.791759469228055, "31": 1.0986122886681098}, "2": {"44": 1.791759469228055, "30": 0.6931471805599453, "27": 1.0986122886681098, "34": 1.791759469228055, "28": 1.791759469228055, "10": 1.791759469228055, "32": 1.791759469228055, "22": 1.791759469228055, "52": 1.791759469228055, "33": 1.0986122886681098, "31": 1.0986122886681098, "3": 0.4054651081081644}, "3": {"42": 1.791759469228055, "15": 1.791759469228055, "51": 1.791759469228055, "50": 0.6931471805599453, "5": 1.791759469228055, "2": 1.791759469228055, "1": 1.791759469228055, "6": 1.791759469228055, "14": 0.6931471805599453, "53": 1.791759469228055, "41": 1.0986122886681098, "11": 1.0986122886681098, "48": 1.791759469228055, "3": 0.4054651081081644}, "4": {"50": 0.6931471805599453, "30": 0.6931471805599453, "17": 1.791759469228055, "45": 1.791759469228055, "19": 1.791759469228055, "55": 1.791759469228055, "14": 2.0794415416798357, "41": 1.0986122886681098, "11": 1.0986122886681098, "23": 1.791759469228055, "27": 1.0986122886681098, "4": 1.791759469228055, "38": 1.0986122886681098, "29": 1.791759469228055, "18": 1.791759469228055, "54": 1.791759469228055, "8": 1.0986122886681098, "13": 1.791759469228055, "36": 1.791759469228055, "35": 1.0986122886681098, "47": 1.791759469228055, "46": 1.791759469228055, "3": 0.4054651081081644}, "5": {}}